<?xml version="1.0" encoding="UTF-8"?>
<project-private xmlns="http://www.netbeans.org/ns/project-private/1">
    <editor-bookmarks xmlns="http://www.netbeans.org/ns/editor-bookmarks/2" lastBookmarkId="0"/>
    <open-files xmlns="http://www.netbeans.org/ns/projectui-open-files/2">
        <group>
            <file>file:/C:/Users/Woensdag/Documents/eit/pingpongtoren-vorigeweek/mcc_generated_files/eusart.c</file>
            <file>file:/C:/Users/Woensdag/Documents/eit/pingpongtoren-vorigeweek/mcc_generated_files/spi1.h</file>
            <file>file:/C:/Users/Woensdag/Documents/eit/pingpongtoren-vorigeweek/nbproject/Makefile-default.mk</file>
            <file>file:/C:/Users/Woensdag/Documents/eit/pingpongtoren-vorigeweek/PI.c</file>
            <file>file:/C:/Users/Woensdag/Documents/eit/pingpongtoren-vorigeweek/main.c</file>
            <file>file:/C:/Users/Woensdag/Documents/eit/pingpongtoren-vorigeweek/UART.c</file>
            <file>file:/C:/Users/Woensdag/Documents/eit/pingpongtoren-vorigeweek/led.c</file>
            <file>file:/C:/Users/Woensdag/Documents/eit/pingpongtoren-vorigeweek/mcc_generated_files/tmr1.c</file>
            <file>file:/C:/Users/Woensdag/Documents/eit/pingpongtoren-vorigeweek/mcc_generated_files/mcc.c</file>
            <file>file:/C:/Users/Woensdag/Documents/eit/pingpongtoren-vorigeweek/UART.h</file>
            <file>file:/C:/Users/Woensdag/Documents/eit/pingpongtoren-vorigeweek/mcc_generated_files/spi1.c</file>
        </group>
    </open-files>
</project-private>
